advertiser,page_id,page_name,ad_id,ad_creation_time,ad_delivery_start_time,currency,reached_country,body_text,link_title,link_caption,link_description,publisher_platforms,ad_snapshot_url,eu_ads_found,status
RS Custom Countertops,1582026298728590,RS Custom Countertops,1911986836153287,2026-07-10,2026-07-11,USD,US,,Get a Free Countertop Estimate Today,,,,https://www.facebook.com/ads/library/?id=1911986836153287,0,US/empty
RS Custom Countertops,1582026298728590,RS Custom Countertops,3047487032309926,2026-07-10,2026-07-11,USD,US,,Get a Free Countertop Estimate Today,,,,https://www.facebook.com/ads/library/?id=3047487032309926,0,US/empty
RS Custom Countertops,1582026298728590,RS Custom Countertops,1972994513333480,2026-07-10,2026-07-10,USD,US,,Get a Free Countertop Estimate Today,,,,https://www.facebook.com/ads/library/?id=1972994513333480,0,US/empty
RS Custom Countertops,1582026298728590,RS Custom Countertops,1043845394826977,2026-07-10,2026-07-10,USD,US,,Upgrade Your Sink & Countertops Today,,,,https://www.facebook.com/ads/library/?id=1043845394826977,0,US/empty
RS Custom Countertops,1582026298728590,RS Custom Countertops,4461623614120819,2026-07-10,2026-07-10,USD,US,,Upgrade Your Sink & Countertops Today,,,,https://www.facebook.com/ads/library/?id=4461623614120819,0,US/empty
RS Custom Countertops,1582026298728590,RS Custom Countertops,4450802698467338,2026-07-10,2026-07-10,USD,US,,Upgrade Your Sink & Countertops Today,,,,https://www.facebook.com/ads/library/?id=4450802698467338,0,US/empty
RS Custom Countertops,1582026298728590,RS Custom Countertops,4528133767506637,2026-06-25,2026-06-25,USD,US,,,,,,https://www.facebook.com/ads/library/?id=4528133767506637,0,US/empty
RS Custom Countertops,1582026298728590,RS Custom Countertops,1706858303929216,2026-06-25,2026-06-25,USD,US,,,,,,https://www.facebook.com/ads/library/?id=1706858303929216,0,US/empty
RS Custom Countertops,1582026298728590,RS Custom Countertops,3699442506862480,2026-06-25,2026-06-25,USD,US,,,,,,https://www.facebook.com/ads/library/?id=3699442506862480,0,US/empty
RS Custom Countertops,1582026298728590,RS Custom Countertops,2234560347378305,2026-06-25,2026-06-25,USD,US,,,,,,https://www.facebook.com/ads/library/?id=2234560347378305,0,US/empty
RS Custom Countertops,1582026298728590,RS Custom Countertops,26766040049684765,2026-05-28,2026-05-29,USD,US,,,,,,https://www.facebook.com/ads/library/?id=26766040049684765,0,US/empty
RS Custom Countertops,1582026298728590,RS Custom Countertops,903412299435950,2026-05-28,2026-05-29,USD,US,,,,,,https://www.facebook.com/ads/library/?id=903412299435950,0,US/empty
RS Custom Countertops,1582026298728590,RS Custom Countertops,1514645246885040,2026-03-19,2026-03-19,USD,US,,,,,,https://www.facebook.com/ads/library/?id=1514645246885040,0,US/empty
RS Custom Countertops,1582026298728590,RS Custom Countertops,2006482213416929,2026-02-25,2026-02-25,USD,US,,,,,,https://www.facebook.com/ads/library/?id=2006482213416929,0,US/empty
RS Custom Countertops,1582026298728590,RS Custom Countertops,937130322129140,2026-02-25,2026-02-25,USD,US,,,,,,https://www.facebook.com/ads/library/?id=937130322129140,0,US/empty
RS Custom Countertops,1582026298728590,RS Custom Countertops,955866066794608,2026-02-25,2026-02-25,USD,US,,,,,,https://www.facebook.com/ads/library/?id=955866066794608,0,US/empty
RS Custom Countertops,1582026298728590,RS Custom Countertops,887186534133613,2026-02-25,2026-02-25,USD,US,,,,,,https://www.facebook.com/ads/library/?id=887186534133613,0,US/empty
RS Custom Countertops,1582026298728590,RS Custom Countertops,1252081233721733,2026-02-25,2026-02-25,USD,US,,,,,,https://www.facebook.com/ads/library/?id=1252081233721733,0,US/empty
RS Custom Countertops,1582026298728590,RS Custom Countertops,1635857394269721,2026-02-25,2026-02-25,USD,US,,,,,,https://www.facebook.com/ads/library/?id=1635857394269721,0,US/empty
RS Custom Countertops,1582026298728590,RS Solid Surfaces INC.,3168658503311869,2026-01-13,2026-01-13,USD,US,,{{product.name}},,,,https://www.facebook.com/ads/library/?id=3168658503311869,0,US/empty
RS Custom Countertops,1582026298728590,RS Solid Surfaces INC.,1295722832597903,2026-01-13,2026-01-13,USD,US,,Get a Free Countertop Estimate Today,,,,https://www.facebook.com/ads/library/?id=1295722832597903,0,US/empty
RS Custom Countertops,1582026298728590,RS Solid Surfaces INC.,757099106835267,2026-01-13,2026-01-13,USD,US,,Get a Free Countertop Estimate Today,,,,https://www.facebook.com/ads/library/?id=757099106835267,0,US/empty
RS Custom Countertops,1582026298728590,RS Solid Surfaces INC.,1700290837356922,2026-01-13,2026-01-13,USD,US,,Get a Free Countertop Estimate Today,,,,https://www.facebook.com/ads/library/?id=1700290837356922,0,US/empty
RS Custom Countertops,1582026298728590,RS Solid Surfaces INC.,1189490843386448,2026-01-13,2026-01-13,USD,US,,{{product.name}},,,,https://www.facebook.com/ads/library/?id=1189490843386448,0,US/empty
RS Custom Countertops,1582026298728590,RS Solid Surfaces INC.,1497096051591088,2025-11-26,2025-11-27,USD,US,,,,,,https://www.facebook.com/ads/library/?id=1497096051591088,0,US/empty
Pacific Stone SoCal,471114526327906,Pacific Stone SoCal,994840666762380,2026-07-08,2026-07-08,USD,US,,"7-Day Kitchen Makeovers by Pacific Stone | Quick, Quality Kitchen Remodels | New Kitchen Countertops Fast | Your Dream Kitchen, Ready in 7 Days | Transform Your Kitchen in Just a Week!",,,,https://www.facebook.com/ads/library/?id=994840666762380,0,US/empty
Pacific Stone SoCal,471114526327906,Pacific Stone SoCal,2153078818598467,2026-05-29,2026-05-30,USD,US,,Calacatta Quartz from just $65/sq ft | Calacatta Quartz from just $65/sq ft | Calacatta Quartz from just $65/sq ft,,,,https://www.facebook.com/ads/library/?id=2153078818598467,0,US/empty
Pacific Stone SoCal,471114526327906,Pacific Stone SoCal,1199160398917289,2026-05-29,2026-05-29,USD,US,,Fast Countertop Installations | Fast Countertop Installations | Fast Countertop Installations,,,,https://www.facebook.com/ads/library/?id=1199160398917289,0,US/empty
Pacific Stone SoCal,471114526327906,Pacific Stone SoCal,849149857815666,2026-05-29,2026-05-29,USD,US,,No Excuses. Just Results | No Excuses. Just Results,,,,https://www.facebook.com/ads/library/?id=849149857815666,0,US/empty
Pacific Stone SoCal,471114526327906,Pacific Stone SoCal,1901952940492275,2026-05-29,2026-05-29,USD,US,,Visit Our Showroom | Call 951-477-5439,,,,https://www.facebook.com/ads/library/?id=1901952940492275,0,US/empty
Pacific Stone SoCal,471114526327906,Pacific Stone SoCal,1043873264645259,2026-05-29,2026-05-29,USD,US,,Fast Countertop Installs Start Here | Fast Countertop Installs Start Here,,,,https://www.facebook.com/ads/library/?id=1043873264645259,0,US/empty
Pacific Stone SoCal,471114526327906,Pacific Stone SoCal,2090705951512712,2026-05-26,2026-05-27,USD,US,,Don’t Choose On Price Alone,,,,https://www.facebook.com/ads/library/?id=2090705951512712,0,US/empty
Pacific Stone SoCal,471114526327906,Pacific Stone SoCal,1734510291235230,2026-05-06,2026-05-06,USD,US,,Built For Kitchen Surfaces,,,,https://www.facebook.com/ads/library/?id=1734510291235230,0,US/empty
Pacific Stone SoCal,471114526327906,Pacific Stone SoCal,2246923276134931,2026-04-06,2026-04-06,USD,US,,{{product.name}},,,,https://www.facebook.com/ads/library/?id=2246923276134931,0,US/empty
Pacific Stone SoCal,471114526327906,Pacific Stone SoCal,2181447212609966,2026-04-06,2026-04-06,USD,US,,{{product.name}},,,,https://www.facebook.com/ads/library/?id=2181447212609966,0,US/empty
Pacific Stone SoCal,471114526327906,Pacific Stone SoCal,2192503358225422,2026-04-03,2026-04-04,USD,US,,{{product.name}},,,,https://www.facebook.com/ads/library/?id=2192503358225422,0,US/empty
Pacific Stone SoCal,471114526327906,Pacific Stone SoCal,1574900213859236,2025-12-03,2025-12-03,USD,US,,{{product.name}},,,,https://www.facebook.com/ads/library/?id=1574900213859236,0,US/empty
Pacific Stone SoCal,471114526327906,Pacific Stone SoCal,1949322576020280,2025-10-22,2025-10-23,USD,US,,{{product.name}},,,,https://www.facebook.com/ads/library/?id=1949322576020280,0,US/empty
Pacific Stone SoCal,471114526327906,Pacific Stone SoCal,806815778794647,2025-10-22,2025-10-23,USD,US,,Kitchen Remodels Done Fast,,,,https://www.facebook.com/ads/library/?id=806815778794647,0,US/empty
Pacific Stone SoCal,471114526327906,Pacific Stone SoCal,1185928016686460,2025-10-22,2025-10-23,USD,US,,{{product.name}},,,,https://www.facebook.com/ads/library/?id=1185928016686460,0,US/empty
Pacific Stone SoCal,471114526327906,Pacific Stone SoCal,2265651643948411,2025-10-22,2025-10-23,USD,US,,{{product.name}},,,,https://www.facebook.com/ads/library/?id=2265651643948411,0,US/empty
Pacific Stone SoCal,471114526327906,Pacific Stone SoCal,1319855689203620,2025-10-22,2025-10-23,USD,US,,{{product.name}},,,,https://www.facebook.com/ads/library/?id=1319855689203620,0,US/empty
Pacific Stone SoCal,471114526327906,Pacific Stone SoCal,24716136431385157,2025-10-08,2025-10-09,USD,US,,{{product.name}},,,,https://www.facebook.com/ads/library/?id=24716136431385157,0,US/empty
Pacific Stone SoCal,471114526327906,Pacific Stone SoCal,1305522714004865,2025-10-08,2025-10-09,USD,US,,{{product.name}},,,,https://www.facebook.com/ads/library/?id=1305522714004865,0,US/empty
Pacific Stone SoCal,471114526327906,Pacific Stone SoCal,2629292870746301,2025-10-08,2025-10-09,USD,US,,{{product.name}},,,,https://www.facebook.com/ads/library/?id=2629292870746301,0,US/empty
Pacific Stone SoCal,471114526327906,Pacific Stone SoCal,783227167820108,2025-10-08,2025-10-09,USD,US,,{{product.name}},,,,https://www.facebook.com/ads/library/?id=783227167820108,0,US/empty
Pacific Stone SoCal,471114526327906,Pacific Stone SoCal,824715200054229,2025-10-08,2025-10-09,USD,US,,{{product.name}},,,,https://www.facebook.com/ads/library/?id=824715200054229,0,US/empty
Pacific Stone SoCal,471114526327906,Pacific Stone SoCal,1533026871221174,2025-10-08,2025-10-09,USD,US,,{{product.name}},,,,https://www.facebook.com/ads/library/?id=1533026871221174,0,US/empty
Pacific Stone SoCal,471114526327906,Pacific Stone SoCal,2079189182614331,2025-10-08,2025-10-09,USD,US,,Unique Custom Kitchen Cabinets,,,,https://www.facebook.com/ads/library/?id=2079189182614331,0,US/empty
Pacific Stone SoCal,471114526327906,Pacific Stone SoCal,790749246899788,2025-10-08,2025-10-09,USD,US,,{{product.name}},,,,https://www.facebook.com/ads/library/?id=790749246899788,0,US/empty
Pacific Stone SoCal,471114526327906,Pacific Stone SoCal,708869448880832,2025-10-08,2025-10-09,USD,US,,{{product.name}},,,,https://www.facebook.com/ads/library/?id=708869448880832,0,US/empty
Pacific Stone SoCal,471114526327906,Pacific Stone SoCal,789606130525906,2025-10-08,2025-10-09,USD,US,,{{product.name}},,,,https://www.facebook.com/ads/library/?id=789606130525906,0,US/empty
Pacific Stone SoCal,471114526327906,Pacific Stone SoCal,838729401995083,2025-10-08,2025-10-09,USD,US,,{{product.name}},,,,https://www.facebook.com/ads/library/?id=838729401995083,0,US/empty
Pacific Stone SoCal,471114526327906,Pacific Stone SoCal,1485022566056315,2025-10-08,2025-10-09,USD,US,,"Porcelain, Perfected",,,,https://www.facebook.com/ads/library/?id=1485022566056315,0,US/empty
Pacific Stone SoCal,471114526327906,Pacific Stone SoCal,793700573440441,2025-10-08,2025-10-09,USD,US,,Family-Owned Experts,,,,https://www.facebook.com/ads/library/?id=793700573440441,0,US/empty
Pacific Stone SoCal,471114526327906,Pacific Stone SoCal,1332528775196065,2025-10-08,2025-10-09,USD,US,,Kitchens Done Right,,,,https://www.facebook.com/ads/library/?id=1332528775196065,0,US/empty
Pacific Stone SoCal,471114526327906,Pacific Stone SoCal,1188653706426157,2025-10-08,2025-10-09,USD,US,,{{product.name}},,,,https://www.facebook.com/ads/library/?id=1188653706426157,0,US/empty
"Stone Masters, Inc.",175590904720,"Stone Masters, Inc.",991552010180289,2026-07-02,2026-07-02,USD,US,,Countertop Refresh & Reseal — $169,,,,https://www.facebook.com/ads/library/?id=991552010180289,0,US/empty
"Stone Masters, Inc.",175590904720,"Stone Masters, Inc.",1326150615611188,2026-06-16,2026-06-16,USD,US,,Fabrication You Can Trust,,,,https://www.facebook.com/ads/library/?id=1326150615611188,0,US/empty
"Stone Masters, Inc.",175590904720,"Stone Masters, Inc.",1048565144774367,2026-06-10,2026-06-10,USD,US,,,,,,https://www.facebook.com/ads/library/?id=1048565144774367,0,US/empty
"Stone Masters, Inc.",175590904720,"Stone Masters, Inc.",1325484762350135,2026-06-10,2026-06-10,USD,US,,Best Quartz Countertops on Sale Now!,,,,https://www.facebook.com/ads/library/?id=1325484762350135,0,US/empty
"Stone Masters, Inc.",175590904720,"Stone Masters, Inc.",1014830384287027,2026-06-10,2026-06-10,USD,US,,Perfect Countertops for Every Design,,,,https://www.facebook.com/ads/library/?id=1014830384287027,0,US/empty
"Stone Masters, Inc.",175590904720,"Stone Masters, Inc.",978484538304876,2026-06-10,2026-06-10,USD,US,,Fabrication You Can Trust,,,,https://www.facebook.com/ads/library/?id=978484538304876,0,US/empty
"Stone Masters, Inc.",175590904720,"Stone Masters, Inc.",2200876827331836,2026-04-21,2026-04-21,USD,US,,,,,,https://www.facebook.com/ads/library/?id=2200876827331836,0,US/empty
"Stone Masters, Inc.",175590904720,"Stone Masters, Inc.",934357059487611,2026-04-20,2026-04-20,USD,US,,,,,,https://www.facebook.com/ads/library/?id=934357059487611,0,US/empty
"Stone Masters, Inc.",175590904720,"Stone Masters, Inc.",1497737005041749,2026-03-11,2026-03-11,USD,US,,The Perfect Stone Slab in Stock,,,,https://www.facebook.com/ads/library/?id=1497737005041749,0,US/empty
"Stone Masters, Inc.",175590904720,"Stone Masters, Inc.",1249887007355304,2026-03-11,2026-03-11,USD,US,,The Perfect Stone Slab in Stock,,,,https://www.facebook.com/ads/library/?id=1249887007355304,0,US/empty
"Stone Masters, Inc.",175590904720,"Stone Masters, Inc.",661755536793071,2025-10-30,2025-10-30,USD,US,,,,,,https://www.facebook.com/ads/library/?id=661755536793071,0,US/empty
"Stone Masters, Inc.",175590904720,"Stone Masters, Inc.",804556279235921,2025-10-30,2025-10-30,USD,US,,,,,,https://www.facebook.com/ads/library/?id=804556279235921,0,US/empty
"Stone Masters, Inc.",175590904720,"Stone Masters, Inc.",856223689731646,2024-04-23,2024-04-23,USD,US,,Stone and Quartz Counters,,,,https://www.facebook.com/ads/library/?id=856223689731646,0,US/empty
Sk Stones USA,172343479474457,Sk Stones USA,26446315875044780,2026-07-10,2026-07-10,USD,US,,Luxury Home with SK Stones | Luxury Home with SK Stones,,,,https://www.facebook.com/ads/library/?id=26446315875044780,0,US/empty
Sk Stones USA,172343479474457,Sk Stones USA,1723435615331267,2026-07-10,2026-07-10,USD,US,,Luxury Home with SK Stones | Luxury Home with SK Stones,,,,https://www.facebook.com/ads/library/?id=1723435615331267,0,US/empty
Sk Stones USA,172343479474457,Sk Stones USA,1231903062182036,2026-01-07,2026-01-07,USD,US,,Sk Stones USA | Top Rated Stone Supplier in Florida | Get Free Quote | Get Free Estimate | Get Free Quote,,,,https://www.facebook.com/ads/library/?id=1231903062182036,0,US/empty
Spencer Granite Co,1881955151887046,Spencer Granite Co,1509279830682389,2026-07-10,2026-07-10,USD,US,,,,,,https://www.facebook.com/ads/library/?id=1509279830682389,0,US/empty
Spencer Granite Co,1881955151887046,Spencer Granite Co,1009057888567946,2026-07-10,2026-07-10,USD,US,,Get Your Free Countertop Estimate in Hudson! 🏡✨,,,,https://www.facebook.com/ads/library/?id=1009057888567946,0,US/empty
Spencer Granite Co,1881955151887046,Spencer Granite Co,1808235337000494,2026-07-10,2026-07-10,USD,US,,Free quotes for kitchen & bathroom remodeling projects.,,,,https://www.facebook.com/ads/library/?id=1808235337000494,0,US/empty
Spencer Granite Co,1881955151887046,Spencer Granite Co,3329512363890015,2026-07-10,2026-07-10,USD,US,,Free quotes for kitchen & bathroom remodeling projects.,,,,https://www.facebook.com/ads/library/?id=3329512363890015,0,US/empty
Spencer Granite Co,1881955151887046,Spencer Granite Co,893951213760285,2026-07-10,2026-07-10,USD,US,,Get Your Free Countertop Estimate in Hudson! 🏡✨,,,,https://www.facebook.com/ads/library/?id=893951213760285,0,US/empty
Spencer Granite Co,1881955151887046,Spencer Granite Co,1030918926492468,2026-07-10,2026-07-10,USD,US,,Get Your Free Countertop Estimate in Hudson! 🏡✨,,,,https://www.facebook.com/ads/library/?id=1030918926492468,0,US/empty
Spencer Granite Co,1881955151887046,Spencer Granite Co,1310153584434961,2026-07-10,2026-07-10,USD,US,,Get Your Free Countertop Estimate in Hudson! 🏡✨,,,,https://www.facebook.com/ads/library/?id=1310153584434961,0,US/empty
Spencer Granite Co,1881955151887046,Spencer Granite Co,4540707149487303,2026-07-10,2026-07-10,USD,US,,Get Your Free Countertop Estimate in Hudson! 🏡✨,,,,https://www.facebook.com/ads/library/?id=4540707149487303,0,US/empty
Spencer Granite Co,1881955151887046,Spencer Granite Co,2784887861868763,2026-07-10,2026-07-10,USD,US,,Get Your Free Countertop Estimate in Hudson! 🏡✨,,,,https://www.facebook.com/ads/library/?id=2784887861868763,0,US/empty
Spencer Granite Co,1881955151887046,Spencer Granite Co,2100726930882078,2026-07-10,2026-07-10,USD,US,,Get Your Free Countertop Estimate in Hudson! 🏡✨,,,,https://www.facebook.com/ads/library/?id=2100726930882078,0,US/empty
Spencer Granite Co,1881955151887046,Spencer Granite Co,1091758363341100,2026-07-08,2026-07-08,USD,US,,Contact us,,,,https://www.facebook.com/ads/library/?id=1091758363341100,0,US/empty
Spencer Granite Co,1881955151887046,Spencer Granite Co,2061268141431235,2026-07-08,2026-07-08,USD,US,,Contact us,,,,https://www.facebook.com/ads/library/?id=2061268141431235,0,US/empty
Spencer Granite Co,1881955151887046,Spencer Granite Co,1041707334869300,2026-07-08,2026-07-08,USD,US,,Contact us,,,,https://www.facebook.com/ads/library/?id=1041707334869300,0,US/empty
Spencer Granite Co,1881955151887046,Spencer Granite Co,1037902599144499,2026-07-08,2026-07-08,USD,US,,,,,,https://www.facebook.com/ads/library/?id=1037902599144499,0,US/empty
Spencer Granite Co,1881955151887046,Spencer Granite Co,996798479826254,2026-07-04,2026-07-04,USD,US,,,,,,https://www.facebook.com/ads/library/?id=996798479826254,0,US/empty
Spencer Granite Co,1881955151887046,Spencer Granite Co,3764878383665619,2026-07-04,2026-07-04,USD,US,,Spencer Granite Co |   |   |   |   |,,,,https://www.facebook.com/ads/library/?id=3764878383665619,0,US/empty
Spencer Granite Co,1881955151887046,Spencer Granite Co,823568964171463,2026-07-04,2026-07-04,USD,US,,,,,,https://www.facebook.com/ads/library/?id=823568964171463,0,US/empty
Spencer Granite Co,1881955151887046,Spencer Granite Co,4367446200191572,2026-07-04,2026-07-04,USD,US,,Free quotes for kitchen & bathroom remodeling projects.,,,,https://www.facebook.com/ads/library/?id=4367446200191572,0,US/empty
Spencer Granite Co,1881955151887046,Spencer Granite Co,1829029268537476,2026-07-04,2026-07-04,USD,US,,Free quotes for kitchen & bathroom remodeling projects.,,,,https://www.facebook.com/ads/library/?id=1829029268537476,0,US/empty
Spencer Granite Co,1881955151887046,Spencer Granite Co,1732581144411058,2026-07-04,2026-07-04,USD,US,,Free quotes for kitchen & bathroom remodeling projects.,,,,https://www.facebook.com/ads/library/?id=1732581144411058,0,US/empty
Spencer Granite Co,1881955151887046,Spencer Granite Co,1075224398411367,2026-07-04,2026-07-04,USD,US,,Free quotes for kitchen & bathroom remodeling projects.,,,,https://www.facebook.com/ads/library/?id=1075224398411367,0,US/empty
Spencer Granite Co,1881955151887046,Spencer Granite Co,1447829610726788,2026-07-04,2026-07-04,USD,US,,Free quotes for kitchen & bathroom remodeling projects.,,,,https://www.facebook.com/ads/library/?id=1447829610726788,0,US/empty
Spencer Granite Co,1881955151887046,Spencer Granite Co,1012659271381569,2026-07-04,2026-07-04,USD,US,,Free quotes for kitchen & bathroom remodeling projects.,,,,https://www.facebook.com/ads/library/?id=1012659271381569,0,US/empty
Spencer Granite Co,1881955151887046,Spencer Granite Co,2229815071122900,2026-06-23,2026-06-23,USD,US,,Get Your Free Countertop Estimate in Hudson! 🏡✨,,,,https://www.facebook.com/ads/library/?id=2229815071122900,0,US/empty
Spencer Granite Co,1881955151887046,Spencer Granite Co,1012334154917912,2026-06-23,2026-06-23,USD,US,,Get Your Free Countertop Estimate in Hudson! 🏡✨,,,,https://www.facebook.com/ads/library/?id=1012334154917912,0,US/empty
Spencer Granite Co,1881955151887046,Spencer Granite Co,2204314340519276,2026-06-23,2026-06-23,USD,US,,Get Your Free Countertop Estimate in Hudson! 🏡✨,,,,https://www.facebook.com/ads/library/?id=2204314340519276,0,US/empty
Spencer Granite Co,1881955151887046,Spencer Granite Co,1230345852415278,2026-06-18,2026-06-18,USD,US,,Get Your Free Countertop Estimate in Hudson! 🏡✨,,,,https://www.facebook.com/ads/library/?id=1230345852415278,0,US/empty
Spencer Granite Co,1881955151887046,Spencer Granite Co,833102029656528,2026-06-18,2026-06-18,USD,US,,Get Your Free Countertop Estimate in Hudson! 🏡✨,,,,https://www.facebook.com/ads/library/?id=833102029656528,0,US/empty
Spencer Granite Co,1881955151887046,Spencer Granite Co,1375795227737737,2026-06-18,2026-06-18,USD,US,,Contact Us,,,,https://www.facebook.com/ads/library/?id=1375795227737737,0,US/empty
Spencer Granite Co,1881955151887046,Spencer Granite Co,2197477211010187,2026-05-20,2026-05-20,USD,US,,Get Your Free Countertop Estimate in Hudson! 🏡✨,,,,https://www.facebook.com/ads/library/?id=2197477211010187,0,US/empty
Spencer Granite Co,1881955151887046,Spencer Granite Co,1864352754245875,2026-05-20,2026-05-20,USD,US,,Get Your Free Countertop Estimate in Hudson! 🏡✨,,,,https://www.facebook.com/ads/library/?id=1864352754245875,0,US/empty
Spencer Granite Co,1881955151887046,Spencer Granite Co,1752914679207742,2026-05-20,2026-05-21,USD,US,,Get Your Free Countertop Estimate in Hudson! 🏡✨,,,,https://www.facebook.com/ads/library/?id=1752914679207742,0,US/empty
Spencer Granite Co,1881955151887046,Spencer Granite Co,1311876001137099,2026-05-20,2026-05-20,USD,US,,Get Your Free Countertop Estimate in Hudson! 🏡✨,,,,https://www.facebook.com/ads/library/?id=1311876001137099,0,US/empty
Spencer Granite Co,1881955151887046,Spencer Granite Co,1503694578098608,2026-05-20,2026-05-20,USD,US,,Spencer Granite Co | Fale conosco | Fale conosco | Fale conosco | Fale conosco | Fale conosco | Fale conosco | Fale conosco,,,,https://www.facebook.com/ads/library/?id=1503694578098608,0,US/empty
Spencer Granite Co,1881955151887046,Spencer Granite Co,1387981813159787,2026-05-20,2026-05-20,USD,US,,fb.com,,,,https://www.facebook.com/ads/library/?id=1387981813159787,0,US/empty
Spencer Granite Co,1881955151887046,Spencer Granite Co,2856320191408296,2026-04-27,2026-04-27,USD,US,,instagram.com,,,,https://www.facebook.com/ads/library/?id=2856320191408296,0,US/empty
Spencer Granite Co,1881955151887046,Spencer Granite Co,1594601408436450,2026-04-27,2026-04-27,USD,US,,,,,,https://www.facebook.com/ads/library/?id=1594601408436450,0,US/empty
Spencer Granite Co,1881955151887046,Spencer Granite Co,1519556506408889,2026-04-27,2026-04-27,USD,US,,,,,,https://www.facebook.com/ads/library/?id=1519556506408889,0,US/empty
Spencer Granite Co,1881955151887046,Spencer Granite Co,947022241050933,2026-04-07,2026-04-08,USD,US,,fb.com,,,,https://www.facebook.com/ads/library/?id=947022241050933,0,US/empty
Spencer Granite Co,1881955151887046,Spencer Granite Co,1262730675224850,2026-03-21,2026-03-22,USD,US,,,,,,https://www.facebook.com/ads/library/?id=1262730675224850,0,US/empty
ART STONE Surfaces (Atlanta),116918619388,ART STONE Surfaces - Atlanta,2379739272834571,2026-07-10,2026-07-10,USD,US,,"Starting at $1,920 — Installed",,,,https://www.facebook.com/ads/library/?id=2379739272834571,0,US/empty
ART STONE Surfaces (Atlanta),116918619388,ART STONE Surfaces - Atlanta,1311645457685534,2026-07-07,2026-07-07,USD,US,,🔥 Limited-Time Slab Sale – 15% to 50% OFF! 🔥 | 🚨 Flash Sale Alert 🚨: Up to 50% Off on Select Slabs - This Week Only!,,,,https://www.facebook.com/ads/library/?id=1311645457685534,0,US/empty
ART STONE Surfaces (Atlanta),116918619388,ART STONE Surfaces - Atlanta,4629612253992614,2026-06-19,2026-06-19,USD,US,,"Premium Quartz Starting at $1,900 Installed | Premium Quartz Starting at $1,900 Installed | Premium Quartz Starting at $1,900 Installed",,,,https://www.facebook.com/ads/library/?id=4629612253992614,0,US/empty
ART STONE Surfaces (Atlanta),116918619388,ART STONE Surfaces - Atlanta,1304899391729205,2026-06-15,2026-06-15,USD,US,,🔥 Limited-Time Slab Sale – 15% to 50% OFF! 🔥 | 🚨 Flash Sale Alert 🚨: 15% - 50% Off,,,,https://www.facebook.com/ads/library/?id=1304899391729205,0,US/empty
ART STONE Surfaces (Atlanta),116918619388,ART STONE Surfaces - Atlanta,1403196897749187,2026-03-04,2026-03-04,USD,US,,Upgrade Your Kitchen For LESS!,,,,https://www.facebook.com/ads/library/?id=1403196897749187,0,US/empty
Stone Elegance Quartz,151841294689427,Stone Elegance Quartz Countertops,1520629902638968,2026-07-09,2026-07-09,USD,US,,FREE ESTIMATE,,,,https://www.facebook.com/ads/library/?id=1520629902638968,0,US/empty
Stone Elegance Quartz,151841294689427,Stone Elegance Quartz Countertops,2006088830014836,2026-07-09,2026-07-09,USD,US,,FREE ESTIMATE,,,,https://www.facebook.com/ads/library/?id=2006088830014836,0,US/empty
Stone Elegance Quartz,151841294689427,Stone Elegance Quartz Countertops,857405953756938,2026-06-27,2026-06-27,USD,US,,FREE ESTIMATE | FREE ESTIMATE | FREE ESTIMATE | FREE ESTIMATE,,,,https://www.facebook.com/ads/library/?id=857405953756938,0,US/empty
Stone Elegance Quartz,151841294689427,Stone Elegance Quartz Countertops,3371257029700651,2026-06-01,2026-06-02,USD,US,,FREE ESTIMATE,,,,https://www.facebook.com/ads/library/?id=3371257029700651,0,US/empty
Stone Elegance Quartz,151841294689427,Stone Elegance Quartz Countertops,911587111930532,2026-05-08,2026-05-08,USD,US,,Get Your New Kitchen in 4-5 Days,,,,https://www.facebook.com/ads/library/?id=911587111930532,0,US/empty
Stone Elegance Quartz,151841294689427,Stone Elegance Quartz Coutertopos,1930294354281204,2026-02-04,2026-02-04,USD,US,,Exclusive NEW QUARTZ,,,,https://www.facebook.com/ads/library/?id=1930294354281204,0,US/empty
